{"count":1,"self":1017.1924479999999,"total":1041.5373881,"children":{"AgentResetIfDone":{"count":51577,"self":0.1091934,"total":0.1091934,"children":null},"AgentSendState":{"count":51577,"self":0.3242535,"total":3.6684892999999996,"children":{"CollectObservations":{"count":51580,"self":3.3442358,"total":3.3442358,"children":null}}},"DecideAction":{"count":51577,"self":19.7123152,"total":19.7123147,"children":null},"AcademyStep":{"count":51577,"self":0.0365836,"total":0.0365836,"children":null},"AgentAct":{"count":51577,"self":0.8173787,"total":0.8173787,"children":null}}}