{"cameraMode":{"drawMode":0,"name":"Shaded","section":"Shading Mode"},"sceneLighting":false,"audioPlay":false,"sceneViewState":{"showFog":true,"showMaterialUpdate":false,"showSkybox":false,"showFlares":true,"showImageEffects":true,"showParticleSystems":true,"showVisualEffectGraphs":true,"m_FxEnabled":true},"in2DMode":false,"pivot":{"x":308.8485412597656,"y":62.20000076293945,"z":121.79093933105469},"rotation":{"x":0.14391815662384034,"y":0.08006319403648377,"z":-0.011682839132845402,"w":0.9862760901451111},"size":124.40855407714844,"orthographic":true}