{"cameraMode":{"drawMode":0,"name":"Shaded","section":"Shading Mode"},"sceneLighting":false,"audioPlay":false,"sceneViewState":{"showFog":true,"showMaterialUpdate":false,"showSkybox":false,"showFlares":true,"showImageEffects":true,"showParticleSystems":true,"showVisualEffectGraphs":true,"m_FxEnabled":true},"in2DMode":false,"pivot":{"x":18.808120727539064,"y":45.68244934082031,"z":0.42020559310913088},"rotation":{"x":0.07219015061855316,"y":-0.8398042321205139,"z":0.11534963548183441,"w":0.5255716443061829},"size":17.976306915283204,"orthographic":true}